+18632190881,
+14075444558,
+13056151611 ,Skyklean Miami Dryvent
+14075375130,Habby WestPalmBeach DryVent
+13055749702,Onynx Miami Dryervent
+13862067415,Ella Daytona Beach Shores Dryvent
+13055703548,
+14075375145,Glory StLucie DryVent
+13862067006,Warm Daytona Beach Dryvent
+13214635778,Mear West Melbourne Dryvent
+13862067041,Wear Daytona Beach Dryvent
+13214633940,Mercury Indialantic Dryvent
+18632087515,Alpha Poinciana DryVents
+13055648459,Stone Miami Dryvent
+13055648754,Loclean Miami Dryervent
+17864620744,PClean Coral Gables
+13522511250,KkleanOcala Dryvent
+15615491541,
+15615491620,Mclean Ocala Dryervent
+14075193007,Kings DryVent Stlucie
+14075193063,awesome dryvent stlucie
+14078870308,Above Ocala DryVent
+13522305748,New Kissimmee DryerVents
+13219004876,Dynamic DryerVents Kissimmee
+14078870127,Orlando Capstone DryerVents
+18632190173,Orlando Pressy DryerVents
+18632190217,Orlando Monk DeyerVents
+14075532217,Orlando Holly DryerVents
+18632190206,Orlando Season DryerVents
+18632190162,Orlando Morris DryerVent
+13055157135,Bliklean Miami Dryvent
+13055156852,Kitty Miami Dryvent
+13055156908,Oner Miami Dryvent
+13055156920,Topklean Miami Beach Dryvent
+13055156866,Cane Miami Dryvent
+13055156913,Idiklean Miami Dryvent
+13055156797,Tone Miami Dryvent
+17864620117,Bow South Miami Dryvent
+13055154413,Onynx Miami Dryervent
+13055154344,Fei Miami Dryvent
+13055154354,Mar Miami Dry vent
+13055154353,Parrot Miami Dryvent
+13055156581,Bis Florida City Dryvent
+13055154403,Iris Homestead Dryvent
+13055154302,Bou Homestead Dryvent
+13055154370,Colklean Homestead Dryvent
+13055154116,Hife Cutler Bay Dryvent
+13055153926,Wan Miami Dryvent
+13055154327,Ken Miami Dryvent
+13055154131,Xin Miami Dryvent
+13055153823,Min Miami Dryvent
+13055156738,Iidklean Miami Dryvent
+13055159165,Perry Miami Dryvent
+13055156812,Vinklean Homestead Dryvent
+13055156751,Qan Miami Dryvent
+13055156805,Kan Miami Dryvent
+13055156743,Pan Miami Dryvent
+13055156667,Nook North Miami Dryvent
+16452057789,Babylon North Miami DryVent
+13055156343,Enviro Miami Dryervent
+13055156754,Noor North Miami Dryervent
+17864620039,Speed Doral Dryvent
+13055156563,Diklean Miami Dryvent
+13055156736,Pels Miami Dryvent
+12393617352,General Orlando Dryervent
+17472507690,Helium Long Beach Dryervent
+12393564987,
+14073491681,Joy Miami DryVent
+14073296984,The Village Dimitri DryVent
+14073159347,Goldberg Miami DryVent
+12393452343,Trusty North Miami Dryvent
+14073159376,Holland Miami DryVent
+19702511450,ShakleanFort Collins Dryvent
+14073159704,Quin ElPorta DryVent
+13055644639,Star Miami Beach Dryvents
+14073159246,OCZWV St Cloud DryVent
+14073159332,Magvent Miami DryVent
+12393451968,
+12393452203,
+12393451946,
+13862045983,KS Plus Dryvent Specialists
+12393454105,
+13055153780,Billy DryVents
+14073377915,Alpha DryerVents
+14073377808,Baker DryerVents
+14073377201,Bright DryerVents
+14073376933,Broad DryerVents
+14073376912,Fusion DryerVents
+12392946669,Gables Dryvents
+13213605415,Master Dryvents
+13522187047,Brandon DryerVents
+13522187072,Leigh DryVents
+13522187073,Perry DryVents
+13862293447,Neighbor Pedro Dryvents
+17865330826,Skyklean Miami Dryvent
+13862040499,
+17542828720,Blain DryVents
+17542829257,Harmm DryVents
+13522187392,Perfect Ocala Dryvent
+13522187334,Perfect Ocala Dryvent
+17865096835,Horizon Miami Dryvents
+12392668588,Aklean Miami DryVent
+17865047405,Chklean Dryervent Of Miami
+17865047422,Luxury Cooling Dry vent
+13055643464,Lucio DryerVents
+13055213540,Montemar DryerVents
+13522185523,GillPlus Dryvent Specialists
+13522185330,Helklean Dryvent of The Villages
+13522185316,
+13522183642,
+13213212065,
+13522183390,
+12392519512,ArnkleanPort Dryvent
+14072179430,
+14072179220,
+12392519547,Mooklean Port St. Lucie Dryvent
+14072165762,
+14072165386,
+14072200099,
+14072200113,
+13039909358,